{"cameraMode":{"drawMode":0,"name":"Shaded","section":"Shading Mode"},"sceneLighting":false,"audioPlay":false,"sceneViewState":{"m_AlwaysRefresh":false,"showFog":true,"showSkybox":false,"showFlares":true,"showImageEffects":true,"showParticleSystems":true,"showVisualEffectGraphs":true,"m_FxEnabled":true},"in2DMode":false,"pivot":{"x":-0.0651790052652359,"y":3.657538414001465,"z":17.309566497802736},"rotation":{"x":0.31965404748916628,"y":0.02700132690370083,"z":-0.009111096151173115,"w":0.9471100568771362},"size":4.19700288772583,"orthographic":false}