{"cameraMode":{"drawMode":0,"name":"Shaded","section":"Shading Mode"},"sceneLighting":true,"audioPlay":false,"sceneViewState":{"m_AlwaysRefresh":false,"showFog":true,"showSkybox":true,"showFlares":true,"showImageEffects":true,"showParticleSystems":true,"showVisualEffectGraphs":true,"m_FxEnabled":true},"in2DMode":false,"pivot":{"x":49.60244369506836,"y":-0.08725738525390625,"z":30.48863410949707},"rotation":{"x":-0.24477550387382508,"y":-0.04005581513047218,"z":0.01011619996279478,"w":-0.9687169790267944},"size":8.520490646362305,"orthographic":false}