{"cameraMode":{"drawMode":0,"name":"Shaded","section":"Shading Mode"},"sceneLighting":false,"audioPlay":false,"sceneViewState":{"m_AlwaysRefresh":false,"showFog":true,"showSkybox":false,"showFlares":true,"showImageEffects":true,"showParticleSystems":true,"showVisualEffectGraphs":true,"m_FxEnabled":true},"in2DMode":false,"pivot":{"x":-183.1936492919922,"y":4.0409321784973148,"z":16.447830200195314},"rotation":{"x":0.29691362380981448,"y":-0.015753714367747308,"z":0.00490107387304306,"w":0.9547659754753113},"size":5.318317890167236,"orthographic":false}