{"cameraMode":{"drawMode":0,"name":"Shaded","section":"Shading Mode"},"sceneLighting":true,"audioPlay":false,"sceneViewState":{"m_AlwaysRefresh":false,"showFog":true,"showSkybox":true,"showFlares":true,"showImageEffects":true,"showParticleSystems":true,"showVisualEffectGraphs":true,"m_FxEnabled":true},"in2DMode":false,"pivot":{"x":-3.4485950469970705,"y":-0.1030275821685791,"z":26.01706886291504},"rotation":{"x":0.12967334687709809,"y":0.36270245909690859,"z":-0.051041606813669208,"w":0.9214444160461426},"size":11.51488208770752,"orthographic":true}