{"cameraMode":{"drawMode":0,"name":"Shaded","section":"Shading Mode"},"sceneLighting":false,"audioPlay":false,"sceneViewState":{"m_AlwaysRefresh":false,"showFog":true,"showSkybox":false,"showFlares":true,"showImageEffects":true,"showParticleSystems":true,"showVisualEffectGraphs":true,"m_FxEnabled":true},"in2DMode":false,"pivot":{"x":-197.97177124023438,"y":2.8954317569732668,"z":16.555978775024415},"rotation":{"x":0.4172661006450653,"y":-0.016351623460650445,"z":0.007519537582993507,"w":0.9086280465126038},"size":4.3718390464782719,"orthographic":false}