{"cameraMode":{"drawMode":0,"name":"Shaded","section":"Shading Mode"},"sceneLighting":false,"audioPlay":false,"sceneViewState":{"m_AlwaysRefresh":false,"showFog":true,"showSkybox":false,"showFlares":true,"showImageEffects":true,"showParticleSystems":true,"showVisualEffectGraphs":true,"m_FxEnabled":true},"in2DMode":false,"pivot":{"x":-218.89727783203126,"y":2.128840923309326,"z":30.83857536315918},"rotation":{"x":0.5345302820205689,"y":0.011411383748054505,"z":-0.007217001169919968,"w":0.8450594544410706},"size":8.640613555908204,"orthographic":false}