{"cameraMode":{"drawMode":0,"name":"Shaded","section":"Shading Mode"},"sceneLighting":false,"audioPlay":false,"sceneViewState":{"m_AlwaysRefresh":false,"showFog":true,"showSkybox":false,"showFlares":true,"showImageEffects":true,"showParticleSystems":true,"showVisualEffectGraphs":true,"m_FxEnabled":true},"in2DMode":false,"pivot":{"x":-204.53695678710938,"y":3.8104469776153566,"z":12.30625057220459},"rotation":{"x":0.29691362380981448,"y":-0.015753714367747308,"z":0.00490107387304306,"w":0.9547659754753113},"size":4.999327659606934,"orthographic":false}