{"cameraMode":{"drawMode":0,"name":"Shaded","section":"Shading Mode"},"sceneLighting":false,"audioPlay":false,"sceneViewState":{"m_AlwaysRefresh":false,"showFog":true,"showSkybox":false,"showFlares":true,"showImageEffects":true,"showParticleSystems":true,"showVisualEffectGraphs":true,"m_FxEnabled":true},"in2DMode":false,"pivot":{"x":8.990568161010743,"y":0.4453158378601074,"z":19.993244171142579},"rotation":{"x":-0.3114183843135834,"y":-0.026511535048484803,"z":0.008691564202308655,"w":-0.9498721957206726},"size":3.289367198944092,"orthographic":false}